Model,MAE,RMSE,R2
Ridge Regression,16.434390958947798,22.610950090155743,0.9999242461980664
XGBoost,286.0898712260613,451.2756472852132,0.9698247687516169
Random Forest,273.35818715506525,456.69069892767374,0.9690962526317435
Gradient Boosting,238.93180736518755,480.1044218249761,0.9658462635229021
LightGBM,365.8668479658047,682.1379582407216,0.9310536554637107
